year,(PADD 1) Refinery and Blender Net Input of Crude Oil,(PADD 2) Refinery and Blender Net Input of Crude Oil,(PADD 3) Refinery and Blender Net Input of Crude Oil,(PADD 4) Refinery and Blender Net Input of Crude Oil,(PADD 5) Refinery and Blender Net Input of Crude Oil,Total US Refinery Net Input of Crude Oil
2016,1108.1666666666667,3620.1666666666665,8510.666666666666,598.0,2348.75,13837.0
2017,1070.0833333333333,3756.75,8713.916666666666,622.0833333333334,2418.1666666666665,14162.833333333334
2018,1044.9166666666667,3794.5,9029.75,620.3333333333334,2473.5833333333335,14489.5
2019,894.8333333333334,3800.9166666666665,8829.5,629.1666666666666,2403.0833333333335,14154.416666666666
2020,603.9166666666666,3453.3333333333335,7668.75,560.3333333333334,1927.75,12286.333333333334
2021,671.8333333333334,3750.25,8045.083333333333,569.1666666666666,2093.8333333333335,13036.333333333334
2022,57.833333333333336,326.25,688.1666666666666,49.0,166.33333333333334,1121.25
